,design,panels,A,B
0,"design_14.0_15.0_20.0_5.5,2.0",360,303919.0434766279,137144.35246589503
