,ST,ST_conf
omega,0.04054296717678242,4.262688771147573
wave_heading,0.10760828293230795,0.6425435041126035
wave_amplitude,0.0010998770298818628,0.0400103396090435
interest,0.00034457770452795815,0.02124691165773563
n_avail,0.00015673210512450703,0.007040813205627382
L,0.003872516495368739,0.20391590549507757
array_scaling_factor,7.762393985691457e-05,0.004145713759209988
Fmax,1.507611787413753e-08,3.970249682465757e-06
