,ST,ST_conf,samples
omega,3.4269748306652854,2.050940860410987,4
wave_heading,0.00041560900657824766,0.48312773021887595,4
wave_amplitude,0.00037604065939182604,0.43868101484695327,4
interest,0.0005273375050232251,0.0032618292787331958,4
n_avail,3.301447717496525e-06,0.0008307333541303342,4
L,1.360592592778184e-05,0.01449778699153263,4
array_scaling_factor,9.698048211667704e-07,0.0001639869446370912,4
