,ST,ST_conf
omega,0.041473664152514286,3.1405595926796734
wave_heading,0.10189355145390057,0.6101282699848496
wave_amplitude,0.003779241021688987,0.1161363693242771
interest,0.00043981431991249945,0.0230579909781698
n_avail,0.0001967371681224609,0.007035965475554716
L,0.0068341198599008845,0.30853807953298024
array_scaling_factor,0.00014027895174056692,0.006415997727396868
Fmax,3.483571019108057e-11,3.848076306706322e-09
