,ST,ST_conf
omega,0.7159157705053224,0.6285459196978537
wave_heading,1.1887708191888209,0.44724079959888546
wave_amplitude,0.04481352273143786,0.06355752110010975
interest,0.2459998497342758,0.27539381727851975
n_avail,0.002724542425755012,0.004765185691266304
L,0.0077690486238278875,0.00839502212184962
array_scaling_factor,0.0007237573004907362,0.0014136655958476294
Fmax,1.30395659117435e-11,4.686729980014037e-10
