,ST,ST_conf
omega,1.0004885197850513,0.9431258203968876
wave_heading,1.0004885197850513,0.9431258203968876
wave_amplitude,1.0004885197850513,0.9431258203968876
interest,1.0004885197850513,0.9431258203968876
n_avail,1.0004885197850513,0.9431258203968876
L,1.0004885197850513,0.9431258203968876
array_scaling_factor,1.0004885197850513,0.9431258203968876
